Destination Port,Flow Duration,Total Fwd Packets,Total Backward Packets,Total Length of Fwd Packets,Total Length of Bwd Packets,Fwd Packet Length Max,Fwd Packet Length Min,Fwd Packet Length Mean,Fwd Packet Length Std,Bwd Packet Length Max,Bwd Packet Length Min,Bwd Packet Length Mean,Bwd Packet Length Std,Flow Bytes/s,Flow Packets/s,Flow IAT Mean,Flow IAT Std,Flow IAT Max,Flow IAT Min,Fwd IAT Total,Fwd IAT Mean,Fwd IAT Std,Fwd IAT Max,Fwd IAT Min,Bwd IAT Total,Bwd IAT Mean,Bwd IAT Std,Bwd IAT Max,Bwd IAT Min,Fwd PSH Flags,Bwd PSH Flags,Fwd URG Flags,Bwd URG Flags,Fwd Header Length,Bwd Header Length,Fwd Packets/s,Bwd Packets/s,Min Packet Length,Max Packet Length,Packet Length Mean,Packet Length Std,Packet Length Variance,FIN Flag Count,SYN Flag Count,RST Flag Count,PSH Flag Count,ACK Flag Count,URG Flag Count,CWE Flag Count,ECE Flag Count,Down/Up Ratio,Average Packet Size,Avg Fwd Segment Size,Avg Bwd Segment Size,Fwd Avg Bytes/Bulk,Fwd Avg Packets/Bulk,Fwd Avg Bulk Rate,Bwd Avg Bytes/Bulk,Bwd Avg Packets/Bulk,Bwd Avg Bulk Rate,Subflow Fwd Packets,Subflow Fwd Bytes,Subflow Bwd Packets,Subflow Bwd Bytes,Init_Win_bytes_forward,Init_Win_bytes_backward,act_data_pkt_fwd,min_seg_size_forward,Active Mean,Active Std,Active Max,Active Min,Idle Mean,Idle Std,Idle Max,Idle Min
0,0,1,0,82,0,82,82,82.0,0.0,0,9223372036854775807,0.0,0.0,0.0,0.0,0.0,0.0,0,9223372036854775807,0,0.0,0.0,0,9223372036854775807,0,0.0,0.0,0,9223372036854775807,0,0,0,0,20,0,0.0,0.0,82,82,82.0,0.0,0.0,0,0,0,0,0,0,0,0,0.0,82.0,82.0,0.0,0,0,0,0,0,0,1,82,0,0,0,0,1,82,0,0,0,0,0,0,0,0
0,0,1,0,82,0,82,82,82.0,0.0,0,9223372036854775807,0.0,0.0,0.0,0.0,0.0,0.0,0,9223372036854775807,0,0.0,0.0,0,9223372036854775807,0,0.0,0.0,0,9223372036854775807,0,0,0,0,20,0,0.0,0.0,82,82,82.0,0.0,0.0,0,0,0,0,0,0,0,0,0.0,82.0,82.0,0.0,0,0,0,0,0,0,1,82,0,0,0,0,1,82,0,0,0,0,0,0,0,0
0,2,2,0,164,0,82,82,82.0,0.0,0,9223372036854775807,0.0,0.0,81.97967270383549,0.9997521061443353,2.0004959106445312,0.0,2,2,2,2.0004959106445312,0.0,2,2,0,0.0,0.0,0,9223372036854775807,0,0,0,0,40,0,0.9997521061443353,0.0,82,82,82.0,0.0,0.0,0,0,0,0,0,0,0,0,0.0,82.0,82.0,0.0,0,0,0,0,0,0,2,164,0,0,0,0,2,82,0,0,0,0,0,0,0,0
0,2,2,0,164,0,82,82,82.0,0.0,0,9223372036854775807,0.0,0.0,81.97108549571254,0.9996473840940554,2.0007054805755615,0.0,2,2,2,2.0007054805755615,0.0,2,2,0,0.0,0.0,0,9223372036854775807,0,0,0,0,40,0,0.9996473840940554,0.0,82,82,82.0,0.0,0.0,0,0,0,0,0,0,0,0,0.0,82.0,82.0,0.0,0,0,0,0,0,0,2,164,0,0,0,0,2,82,0,0,0,0,0,0,0,0
44866,0,1,0,279,0,279,279,279.0,0.0,0,9223372036854775807,0.0,0.0,0.0,0.0,0.0,0.0,0,9223372036854775807,0,0.0,0.0,0,9223372036854775807,0,0.0,0.0,0,9223372036854775807,1,0,0,0,265,0,0.0,0.0,279,279,279.0,0.0,0.0,0,0,0,1,1,0,0,0,0.0,279.0,279.0,0.0,0,0,0,0,0,0,1,279,0,0,501,0,1,279,0,0,0,0,0,0,0,0
44866,0,1,1,279,66,279,279,279.0,0.0,66,66,66.0,0.0,15393988.085106382,89240.51063829787,2.2411346435546875e-05,0.0,0,0,0,0.0,0.0,0,9223372036854775807,0,0.0,0.0,0,9223372036854775807,1,0,0,0,265,52,44620.255319148935,44620.255319148935,66,279,172.5,0.0,0.0,0,0,0,1,2,0,0,0,1.0,172.5,279.0,66.0,0,0,0,0,0,0,1,279,1,66,501,627,1,279,0,0,0,0,0,0,0,0
44874,0,1,0,276,0,276,276,276.0,0.0,0,9223372036854775807,0.0,0.0,0.0,0.0,0.0,0.0,0,9223372036854775807,0,0.0,0.0,0,9223372036854775807,0,0.0,0.0,0,9223372036854775807,1,0,0,0,262,0,0.0,0.0,276,276,276.0,0.0,0.0,0,0,0,1,1,0,0,0,0.0,276.0,276.0,0.0,0,0,0,0,0,0,1,276,0,0,501,0,1,276,0,0,0,0,0,0,0,0
44874,0,1,1,276,66,276,276,276.0,0.0,66,66,66.0,0.0,16487953.655172413,96420.7816091954,2.0742416381835938e-05,0.0,0,0,0,0.0,0.0,0,9223372036854775807,0,0.0,0.0,0,9223372036854775807,1,0,0,0,262,52,48210.3908045977,48210.3908045977,66,276,171.0,0.0,0.0,0,0,0,1,2,0,0,0,1.0,171.0,276.0,66.0,0,0,0,0,0,0,1,276,1,66,501,627,1,276,0,0,0,0,0,0,0,0
44876,0,1,0,275,0,275,275,275.0,0.0,0,9223372036854775807,0.0,0.0,0.0,0.0,0.0,0.0,0,9223372036854775807,0,0.0,0.0,0,9223372036854775807,0,0.0,0.0,0,9223372036854775807,1,0,0,0,261,0,0.0,0.0,275,275,275.0,0.0,0.0,0,0,0,1,1,0,0,0,0.0,275.0,275.0,0.0,0,0,0,0,0,0,1,275,0,0,501,0,1,275,0,0,0,0,0,0,0,0
44876,0,1,1,275,66,275,275,275.0,0.0,66,66,66.0,0.0,18336636.717948716,107546.2564102564,1.8596649169921875e-05,0.0,0,0,0,0.0,0.0,0,9223372036854775807,0,0.0,0.0,0,9223372036854775807,1,0,0,0,261,52,53773.1282051282,53773.1282051282,66,275,170.5,0.0,0.0,0,0,0,1,2,0,0,0,1.0,170.5,275.0,66.0,0,0,0,0,0,0,1,275,1,66,501,624,1,275,0,0,0,0,0,0,0,0
0,0,1,0,82,0,82,82,82.0,0.0,0,9223372036854775807,0.0,0.0,0.0,0.0,0.0,0.0,0,9223372036854775807,0,0.0,0.0,0,9223372036854775807,0,0.0,0.0,0,9223372036854775807,0,0,0,0,20,0,0.0,0.0,82,82,82.0,0.0,0.0,0,0,0,0,0,0,0,0,0.0,82.0,82.0,0,0,0,0,0,0,0,1,82,0,0,0,0,1,82,0,0,0,0,0,0,0,0
0,0,1,0,82,0,82,82,82.0,0.0,0,9223372036854775807,0.0,0.0,0.0,0.0,0.0,0.0,0,9223372036854775807,0,0.0,0.0,0,9223372036854775807,0,0.0,0.0,0,9223372036854775807,0,0,0,0,20,0,0.0,0.0,82,82,82.0,0.0,0.0,0,0,0,0,0,0,0,0,0.0,82.0,82.0,0,0,0,0,0,0,0,1,82,0,0,0,0,1,82,0,0,0,0,0,0,0,0
0,2,2,0,164,0,82,82,82.0,0.0,0,9223372036854775807,0.0,0.0,81.9751492971584,0.9996969426482731,2.0006062984466553,0.0,2,2,2,2.0006062984466553,0.0,2,2,0,0.0,0.0,0,9223372036854775807,0,0,0,0,40,0,0.9996969426482731,0.0,82,82,82.0,0.0,0.0,0,0,0,0,0,0,0,0,0.0,82.0,82.0,0,0,0,0,0,0,0,2,164,0,0,0,0,2,82,0,0,0,0,0,0,0,0
0,2,2,0,164,0,82,82,82.0,0.0,0,9223372036854775807,0.0,0.0,81.96813558457598,0.9996114095679997,2.00077748298645,0.0,2,2,2,2.00077748298645,0.0,2,2,0,0.0,0.0,0,9223372036854775807,0,0,0,0,40,0,0.9996114095679997,0.0,82,82,82.0,0.0,0.0,0,0,0,0,0,0,0,0,0.0,82.0,82.0,0,0,0,0,0,0,0,2,164,0,0,0,0,2,82,0,0,0,0,0,0,0,0
0,4,3,0,246,0,82,82,82.0,0.0,0,9223372036854775807,0.0,0.0,61.48423792676193,0.7498077795946576,2.000512719154358,0.00026476383209228516,2,2,4,2.000512719154358,0.00026476383209228516,2,2,0,0.0,0.0,0,9223372036854775807,0,0,0,0,60,0,0.7498077795946576,0.0,82,82,82.0,0.0,0.0,0,0,0,0,0,0,0,0,0.0,82.0,82.0,0,0,0,0,0,0,0,3,246,0,0,0,0,3,82,0,0,0,0,0,0,0,0
0,4,3,0,246,0,82,82,82.0,0.0,0,9223372036854775807,0.0,0.0,61.48412434895756,0.7498063944994824,2.000516414642334,8.988380432128906e-05,2,2,4,2.000516414642334,8.988380432128906e-05,2,2,0,0.0,0.0,0,9223372036854775807,0,0,0,0,60,0,0.7498063944994824,0.0,82,82,82.0,0.0,0.0,0,0,0,0,0,0,0,0,0.0,82.0,82.0,0,0,0,0,0,0,0,3,246,0,0,0,0,3,82,0,0,0,0,0,0,0,0
44866,0,1,0,66,0,66,66,66.0,0.0,0,9223372036854775807,0.0,0.0,0.0,0.0,0.0,0.0,0,9223372036854775807,0,0.0,0.0,0,9223372036854775807,0,0.0,0.0,0,9223372036854775807,0,0,0,0,52,0,0.0,0.0,66,66,66.0,0.0,0.0,0,0,0,0,1,0,0,0,0.0,66.0,66.0,0,0,0,0,0,0,0,1,66,0,0,501,0,1,66,0,0,0,0,0,0,0,0
44874,0,1,0,66,0,66,66,66.0,0.0,0,9223372036854775807,0.0,0.0,0.0,0.0,0.0,0.0,0,9223372036854775807,0,0.0,0.0,0,9223372036854775807,0,0.0,0.0,0,9223372036854775807,0,0,0,0,52,0,0.0,0.0,66,66,66.0,0.0,0.0,0,0,0,0,1,0,0,0,0.0,66.0,66.0,0,0,0,0,0,0,0,1,66,0,0,501,0,1,66,0,0,0,0,0,0,0,0
44876,0,1,0,66,0,66,66,66.0,0.0,0,9223372036854775807,0.0,0.0,0.0,0.0,0.0,0.0,0,9223372036854775807,0,0.0,0.0,0,9223372036854775807,0,0.0,0.0,0,9223372036854775807,0,0,0,0,52,0,0.0,0.0,66,66,66.0,0.0,0.0,0,0,0,0,1,0,0,0,0.0,66.0,66.0,0,0,0,0,0,0,0,1,66,0,0,501,0,1,66,0,0,0,0,0,0,0,0
0,0,1,0,82,0,82,82,82.0,0.0,0,9223372036854775807,0.0,0.0,0.0,0.0,0.0,0.0,0,9223372036854775807,0,0.0,0.0,0,9223372036854775807,0,0.0,0.0,0,9223372036854775807,0,0,0,0,20,0,0.0,0.0,82,82,82.0,0.0,0.0,0,0,0,0,0,0,0,0,0.0,82.0,82.0,0,0,0,0,0,0,0,1,82,0,0,0,0,1,82,0,0,0,0,0,0,0,0
0,0,1,0,82,0,82,82,82.0,0.0,0,9223372036854775807,0.0,0.0,0.0,0.0,0.0,0.0,0,9223372036854775807,0,0.0,0.0,0,9223372036854775807,0,0.0,0.0,0,9223372036854775807,0,0,0,0,20,0,0.0,0.0,82,82,82.0,0.0,0.0,0,0,0,0,0,0,0,0,0.0,82.0,82.0,0,0,0,0,0,0,0,1,82,0,0,0,0,1,82,0,0,0,0,0,0,0,0
0,2,2,0,164,0,82,82,82.0,0.0,0,9223372036854775807,0.0,0.0,81.96979610445989,0.9996316598104865,2.000736951828003,0.0,2,2,2,2.000736951828003,0.0,2,2,0,0.0,0.0,0,9223372036854775807,0,0,0,0,40,0,0.9996316598104865,0.0,82,82,82.0,0.0,0.0,0,0,0,0,0,0,0,0,0.0,82.0,82.0,0,0,0,0,0,0,0,2,164,0,0,0,0,2,82,0,0,0,0,0,0,0,0
0,2,2,0,164,0,82,82,82.0,0.0,0,9223372036854775807,0.0,0.0,81.96923933441344,0.9996248699318713,2.0007505416870117,0.0,2,2,2,2.0007505416870117,0.0,2,2,0,0.0,0.0,0,9223372036854775807,0,0,0,0,40,0,0.9996248699318713,0.0,82,82,82.0,0.0,0.0,0,0,0,0,0,0,0,0,0.0,82.0,82.0,0,0,0,0,0,0,0,2,164,0,0,0,0,2,82,0,0,0,0,0,0,0,0
0,0,1,0,82,0,82,82,82.0,0.0,0,9223372036854775807,0.0,0.0,0.0,0.0,0.0,0.0,0,9223372036854775807,0,0.0,0.0,0,9223372036854775807,0,0.0,0.0,0,9223372036854775807,0,0,0,0,20,0,0.0,0.0,82,82,82.0,0.0,0.0,0,0,0,0,0,0,0,0,0.0,82.0,82.0,0,0,0,0,0,0,0,1,82,0,0,0,0,1,82,0,0,0,0,0,0,0,0
0,0,1,0,82,0,82,82,82.0,0.0,0,9223372036854775807,0.0,0.0,0.0,0.0,0.0,0.0,0,9223372036854775807,0,0.0,0.0,0,9223372036854775807,0,0.0,0.0,0,9223372036854775807,0,0,0,0,20,0,0.0,0.0,82,82,82.0,0.0,0.0,0,0,0,0,0,0,0,0,0.0,82.0,82.0,0,0,0,0,0,0,0,1,82,0,0,0,0,1,82,0,0,0,0,0,0,0,0
0,2,2,0,164,0,82,82,82.0,0.0,0,9223372036854775807,0.0,0.0,81.97020636091298,0.9996366629379633,2.0007269382476807,0.0,2,2,2,2.0007269382476807,0.0,2,2,0,0.0,0.0,0,9223372036854775807,0,0,0,0,40,0,0.9996366629379633,0.0,82,82,82.0,0.0,0.0,0,0,0,0,0,0,0,0,0.0,82.0,82.0,0,0,0,0,0,0,0,2,164,0,0,0,0,2,82,0,0,0,0,0,0,0,0
0,2,2,0,164,0,82,82,82.0,0.0,0,9223372036854775807,0.0,0.0,81.97432868940031,0.9996869352365891,2.0006263256073,0.0,2,2,2,2.0006263256073,0.0,2,2,0,0.0,0.0,0,9223372036854775807,0,0,0,0,40,0,0.9996869352365891,0.0,82,82,82.0,0.0,0.0,0,0,0,0,0,0,0,0,0.0,82.0,82.0,0,0,0,0,0,0,0,2,164,0,0,0,0,2,82,0,0,0,0,0,0,0,0
0,4,3,0,246,0,82,82,82.0,0.0,0,9223372036854775807,0.0,0.0,61.48902323099513,0.7498661369633552,2.0003570318222046,0.00026929378509521484,2,2,4,2.0003570318222046,0.00026929378509521484,2,2,0,0.0,0.0,0,9223372036854775807,0,0,0,0,60,0,0.7498661369633552,0.0,82,82,82.0,0.0,0.0,0,0,0,0,0,0,0,0,0.0,82.0,82.0,0,0,0,0,0,0,0,3,246,0,0,0,0,3,82,0,0,0,0,0,0,0,0
0,4,3,0,246,0,82,82,82.0,0.0,0,9223372036854775807,0.0,0.0,61.48467758673488,0.7498131413016449,2.000498414039612,0.00022852420806884766,2,2,4,2.000498414039612,0.00022852420806884766,2,2,0,0.0,0.0,0,9223372036854775807,0,0,0,0,60,0,0.7498131413016449,0.0,82,82,82.0,0.0,0.0,0,0,0,0,0,0,0,0,0.0,82.0,82.0,0,0,0,0,0,0,0,3,246,0,0,0,0,3,82,0,0,0,0,0,0,0,0
0,0,1,0,82,0,82,82,82.0,0.0,0,9223372036854775807,0.0,0.0,0.0,0.0,0.0,0.0,0,9223372036854775807,0,0.0,0.0,0,9223372036854775807,0,0.0,0.0,0,9223372036854775807,0,0,0,0,20,0,0.0,0.0,82,82,82.0,0.0,0.0,0,0,0,0,0,0,0,0,0.0,82.0,82.0,0,0,0,0,0,0,0,1,82,0,0,0,0,1,82,0,0,0,0,0,0,0,0
0,0,1,0,82,0,82,82,82.0,0.0,0,9223372036854775807,0.0,0.0,0.0,0.0,0.0,0.0,0,9223372036854775807,0,0.0,0.0,0,9223372036854775807,0,0.0,0.0,0,9223372036854775807,0,0,0,0,20,0,0.0,0.0,82,82,82.0,0.0,0.0,0,0,0,0,0,0,0,0,0.0,82.0,82.0,0,0,0,0,0,0,0,1,82,0,0,0,0,1,82,0,0,0,0,0,0,0,0
0,2,2,0,164,0,82,82,82.0,0.0,0,9223372036854775807,0.0,0.0,81.97508091255105,0.9996961086896469,2.000607967376709,0.0,2,2,2,2.000607967376709,0.0,2,2,0,0.0,0.0,0,9223372036854775807,0,0,0,0,40,0,0.9996961086896469,0.0,82,82,82.0,0.0,0.0,0,0,0,0,0,0,0,0,0.0,82.0,82.0,0,0,0,0,0,0,0,2,164,0,0,0,0,2,82,0,0,0,0,0,0,0,0
0,2,2,0,164,0,82,82,82.0,0.0,0,9223372036854775807,0.0,0.0,81.96707093369406,0.9995984260206593,2.0008034706115723,0.0,2,2,2,2.0008034706115723,0.0,2,2,0,0.0,0.0,0,9223372036854775807,0,0,0,0,40,0,0.9995984260206593,0.0,82,82,82.0,0.0,0.0,0,0,0,0,0,0,0,0,0.0,82.0,82.0,0,0,0,0,0,0,0,2,164,0,0,0,0,2,82,0,0,0,0,0,0,0,0
0,4,3,0,246,0,82,82,82.0,0.0,0,9223372036854775807,0.0,0.0,61.47840936255668,0.7497366995433742,2.000702381134033,9.441375732421875e-05,2,2,4,2.000702381134033,9.441375732421875e-05,2,2,0,0.0,0.0,0,9223372036854775807,0,0,0,0,60,0,0.7497366995433742,0.0,82,82,82.0,0.0,0.0,0,0,0,0,0,0,0,0,0.0,82.0,82.0,0,0,0,0,0,0,0,3,246,0,0,0,0,3,82,0,0,0,0,0,0,0,0
0,4,3,0,246,0,82,82,82.0,0.0,0,9223372036854775807,0.0,0.0,61.47645332282469,0.749712845400301,2.0007660388946533,3.743171691894531e-05,2,2,4,2.0007660388946533,3.743171691894531e-05,2,2,0,0.0,0.0,0,9223372036854775807,0,0,0,0,60,0,0.749712845400301,0.0,82,82,82.0,0.0,0.0,0,0,0,0,0,0,0,0,0.0,82.0,82.0,0,0,0,0,0,0,0,3,246,0,0,0,0,3,82,0,0,0,0,0,0,0,0
0,0,1,0,82,0,82,82,82.0,0.0,0,9223372036854775807,0.0,0.0,0.0,0.0,0.0,0.0,0,9223372036854775807,0,0.0,0.0,0,9223372036854775807,0,0.0,0.0,0,9223372036854775807,0,0,0,0,20,0,0.0,0.0,82,82,82.0,0.0,0.0,0,0,0,0,0,0,0,0,0.0,82.0,82.0,0.0,0,0,0,0,0,0,1,82,0,0,0,0,1,82,0,0,0,0,0,0,0,0
0,0,1,0,82,0,82,82,82.0,0.0,0,9223372036854775807,0.0,0.0,0.0,0.0,0.0,0.0,0,9223372036854775807,0,0.0,0.0,0,9223372036854775807,0,0.0,0.0,0,9223372036854775807,0,0,0,0,20,0,0.0,0.0,82,82,82.0,0.0,0.0,0,0,0,0,0,0,0,0,0.0,82.0,82.0,0.0,0,0,0,0,0,0,1,82,0,0,0,0,1,82,0,0,0,0,0,0,0,0
0,2,2,0,164,0,82,82,82.0,0.0,0,9223372036854775807,0.0,0.0,81.98704018410633,0.9998419534647114,2.0003161430358887,0.0,2,2,2,2.0003161430358887,0.0,2,2,0,0.0,0.0,0,9223372036854775807,0,0,0,0,40,0,0.9998419534647114,0.0,82,82,82.0,0.0,0.0,0,0,0,0,0,0,0,0,0.0,82.0,82.0,0.0,0,0,0,0,0,0,2,164,0,0,0,0,2,82,0,0,0,0,0,0,0,0
0,2,2,0,164,0,82,82,82.0,0.0,0,9223372036854775807,0.0,0.0,81.98837897984897,0.9998582802420607,2.0002834796905518,0.0,2,2,2,2.0002834796905518,0.0,2,2,0,0.0,0.0,0,9223372036854775807,0,0,0,0,40,0,0.9998582802420607,0.0,82,82,82.0,0.0,0.0,0,0,0,0,0,0,0,0,0.0,82.0,82.0,0.0,0,0,0,0,0,0,2,164,0,0,0,0,2,82,0,0,0,0,0,0,0,0
35696,0,1,0,279,0,279,279,279.0,0.0,0,9223372036854775807,0.0,0.0,0.0,0.0,0.0,0.0,0,9223372036854775807,0,0.0,0.0,0,9223372036854775807,0,0.0,0.0,0,9223372036854775807,1,0,0,0,265,0,0.0,0.0,279,279,279.0,0.0,0.0,0,0,0,1,1,0,0,0,0.0,279.0,279.0,0.0,0,0,0,0,0,0,1,279,0,0,501,0,1,279,0,0,0,0,0,0,0,0
35696,0,1,1,279,66,279,279,279.0,0.0,66,66,66.0,0.0,15073280.0,87381.33333333333,2.288818359375e-05,0.0,0,0,0,0.0,0.0,0,9223372036854775807,0,0.0,0.0,0,9223372036854775807,1,0,0,0,265,52,43690.666666666664,43690.666666666664,66,279,172.5,0.0,0.0,0,0,0,1,2,0,0,0,1.0,172.5,279.0,66.0,0,0,0,0,0,0,1,279,1,66,501,627,1,279,0,0,0,0,0,0,0,0
35708,0,1,0,276,0,276,276,276.0,0.0,0,9223372036854775807,0.0,0.0,0.0,0.0,0.0,0.0,0,9223372036854775807,0,0.0,0.0,0,9223372036854775807,0,0.0,0.0,0,9223372036854775807,1,0,0,0,262,0,0.0,0.0,276,276,276.0,0.0,0.0,0,0,0,1,1,0,0,0,0.0,276.0,276.0,0.0,0,0,0,0,0,0,1,276,0,0,501,0,1,276,0,0,0,0,0,0,0,0
35708,0,1,1,276,66,276,276,276.0,0.0,66,66,66.0,0.0,15099494.4,88301.13684210526,2.2649765014648438e-05,0.0,0,0,0,0.0,0.0,0,9223372036854775807,0,0.0,0.0,0,9223372036854775807,1,0,0,0,262,52,44150.56842105263,44150.56842105263,66,276,171.0,0.0,0.0,0,0,0,1,2,0,0,0,1.0,171.0,276.0,66.0,0,0,0,0,0,0,1,276,1,66,501,627,1,276,0,0,0,0,0,0,0,0
0,4,3,0,246,0,82,82,82.0,0.0,0,9223372036854775807,0.0,0.0,61.49100572299694,0.7498903136950846,2.0002925395965576,2.3603439331054688e-05,2,2,4,2.0002925395965576,2.3603439331054688e-05,2,2,0,0.0,0.0,0,9223372036854775807,0,0,0,0,60,0,0.7498903136950846,0.0,82,82,82.0,0.0,0.0,0,0,0,0,0,0,0,0,0.0,82.0,82.0,0.0,0,0,0,0,0,0,3,246,0,0,0,0,3,82,0,0,0,0,0,0,0,0
0,4,3,0,246,0,82,82,82.0,0.0,0,9223372036854775807,0.0,0.0,61.49476584639378,0.7499361688584608,2.0001702308654785,0.00011324882507324219,2,2,4,2.0001702308654785,0.00011324882507324219,2,2,0,0.0,0.0,0,9223372036854775807,0,0,0,0,60,0,0.7499361688584608,0.0,82,82,82.0,0.0,0.0,0,0,0,0,0,0,0,0,0.0,82.0,82.0,0.0,0,0,0,0,0,0,3,246,0,0,0,0,3,82,0,0,0,0,0,0,0,0
35718,0,1,0,276,0,276,276,276.0,0.0,0,9223372036854775807,0.0,0.0,0.0,0.0,0.0,0.0,0,9223372036854775807,0,0.0,0.0,0,9223372036854775807,0,0.0,0.0,0,9223372036854775807,1,0,0,0,262,0,0.0,0.0,276,276,276.0,0.0,0.0,0,0,0,1,1,0,0,0,0.0,276.0,276.0,0.0,0,0,0,0,0,0,1,276,0,0,501,0,1,276,0,0,0,0,0,0,0,0
35718,0,1,1,276,66,276,276,276.0,0.0,66,66,66.0,0.0,34153618.28571428,199728.7619047619,1.0013580322265625e-05,0.0,0,0,0,0.0,0.0,0,9223372036854775807,0,0.0,0.0,0,9223372036854775807,1,0,0,0,262,52,99864.38095238095,99864.38095238095,66,276,171.0,0.0,0.0,0,0,0,1,2,0,0,0,1.0,171.0,276.0,66.0,0,0,0,0,0,0,1,276,1,66,501,624,1,276,0,0,0,0,0,0,0,0
0,0,1,0,82,0,82,82,82.0,0.0,0,9223372036854775807,0.0,0.0,0.0,0.0,0.0,0.0,0,9223372036854775807,0,0.0,0.0,0,9223372036854775807,0,0.0,0.0,0,9223372036854775807,0,0,0,0,20,0,0.0,0.0,82,82,82.0,0.0,0.0,0,0,0,0,0,0,0,0,0.0,82.0,82.0,0,0,0,0,0,0,0,1,82,0,0,0,0,1,82,0,0,0,0,0,0,0,0
0,0,1,0,82,0,82,82,82.0,0.0,0,9223372036854775807,0.0,0.0,0.0,0.0,0.0,0.0,0,9223372036854775807,0,0.0,0.0,0,9223372036854775807,0,0.0,0.0,0,9223372036854775807,0,0,0,0,20,0,0.0,0.0,82,82,82.0,0.0,0.0,0,0,0,0,0,0,0,0,0.0,82.0,82.0,0,0,0,0,0,0,0,1,82,0,0,0,0,1,82,0,0,0,0,0,0,0,0
0,2,2,0,164,0,82,82,82.0,0.0,0,9223372036854775807,0.0,0.0,81.97810948309396,0.9997330424767557,2.0005340576171875,0.0,2,2,2,2.0005340576171875,0.0,2,2,0,0.0,0.0,0,9223372036854775807,0,0,0,0,40,0,0.9997330424767557,0.0,82,82,82.0,0.0,0.0,0,0,0,0,0,0,0,0,0.0,82.0,82.0,0,0,0,0,0,0,0,2,164,0,0,0,0,2,82,0,0,0,0,0,0,0,0
0,2,2,0,164,0,82,82,82.0,0.0,0,9223372036854775807,0.0,0.0,81.98516398919396,0.9998190730389508,2.000361919403076,0.0,2,2,2,2.000361919403076,0.0,2,2,0,0.0,0.0,0,9223372036854775807,0,0,0,0,40,0,0.9998190730389508,0.0,82,82,82.0,0.0,0.0,0,0,0,0,0,0,0,0,0.0,82.0,82.0,0,0,0,0,0,0,0,2,164,0,0,0,0,2,82,0,0,0,0,0,0,0,0
35708,0,1,0,66,0,66,66,66.0,0.0,0,9223372036854775807,0.0,0.0,0.0,0.0,0.0,0.0,0,9223372036854775807,0,0.0,0.0,0,9223372036854775807,0,0.0,0.0,0,9223372036854775807,0,0,0,0,52,0,0.0,0.0,66,66,66.0,0.0,0.0,0,0,0,0,1,0,0,0,0.0,66.0,66.0,0,0,0,0,0,0,0,1,66,0,0,501,0,1,66,0,0,0,0,0,0,0,0
35718,0,1,0,66,0,66,66,66.0,0.0,0,9223372036854775807,0.0,0.0,0.0,0.0,0.0,0.0,0,9223372036854775807,0,0.0,0.0,0,9223372036854775807,0,0.0,0.0,0,9223372036854775807,0,0,0,0,52,0,0.0,0.0,66,66,66.0,0.0,0.0,0,0,0,0,1,0,0,0,0.0,66.0,66.0,0,0,0,0,0,0,0,1,66,0,0,501,0,1,66,0,0,0,0,0,0,0,0
35696,0,1,0,66,0,66,66,66.0,0.0,0,9223372036854775807,0.0,0.0,0.0,0.0,0.0,0.0,0,9223372036854775807,0,0.0,0.0,0,9223372036854775807,0,0.0,0.0,0,9223372036854775807,0,0,0,0,52,0,0.0,0.0,66,66,66.0,0.0,0.0,0,0,0,0,1,0,0,0,0.0,66.0,66.0,0,0,0,0,0,0,0,1,66,0,0,501,0,1,66,0,0,0,0,0,0,0,0
0,0,1,0,82,0,82,82,82.0,0.0,0,9223372036854775807,0.0,0.0,0.0,0.0,0.0,0.0,0,9223372036854775807,0,0.0,0.0,0,9223372036854775807,0,0.0,0.0,0,9223372036854775807,0,0,0,0,20,0,0.0,0.0,82,82,82.0,0.0,0.0,0,0,0,0,0,0,0,0,0.0,82.0,82.0,0,0,0,0,0,0,0,1,82,0,0,0,0,1,82,0,0,0,0,0,0,0,0
0,0,1,0,82,0,82,82,82.0,0.0,0,9223372036854775807,0.0,0.0,0.0,0.0,0.0,0.0,0,9223372036854775807,0,0.0,0.0,0,9223372036854775807,0,0.0,0.0,0,9223372036854775807,0,0,0,0,20,0,0.0,0.0,82,82,82.0,0.0,0.0,0,0,0,0,0,0,0,0,0.0,82.0,82.0,0,0,0,0,0,0,0,1,82,0,0,0,0,1,82,0,0,0,0,0,0,0,0
0,2,2,0,164,0,82,82,82.0,0.0,0,9223372036854775807,0.0,0.0,81.98757765159664,0.9998485079463005,2.000303030014038,0.0,2,2,2,2.000303030014038,0.0,2,2,0,0.0,0.0,0,9223372036854775807,0,0,0,0,40,0,0.9998485079463005,0.0,82,82,82.0,0.0,0.0,0,0,0,0,0,0,0,0,0.0,82.0,82.0,0,0,0,0,0,0,0,2,164,0,0,0,0,2,82,0,0,0,0,0,0,0,0
0,2,2,0,164,0,82,82,82.0,0.0,0,9223372036854775807,0.0,0.0,81.99522999856003,0.9999418292507322,2.0001163482666016,0.0,2,2,2,2.0001163482666016,0.0,2,2,0,0.0,0.0,0,9223372036854775807,0,0,0,0,40,0,0.9999418292507322,0.0,82,82,82.0,0.0,0.0,0,0,0,0,0,0,0,0,0.0,82.0,82.0,0,0,0,0,0,0,0,2,164,0,0,0,0,2,82,0,0,0,0,0,0,0,0
0,4,3,0,246,0,82,82,82.0,0.0,0,9223372036854775807,0.0,0.0,61.49232867694373,0.7499064472798016,2.00024950504303,0.00013315677642822266,2,2,4,2.00024950504303,0.00013315677642822266,2,2,0,0.0,0.0,0,9223372036854775807,0,0,0,0,60,0,0.7499064472798016,0.0,82,82,82.0,0.0,0.0,0,0,0,0,0,0,0,0,0.0,82.0,82.0,0,0,0,0,0,0,0,3,246,0,0,0,0,3,82,0,0,0,0,0,0,0,0
0,4,3,0,246,0,82,82,82.0,0.0,0,9223372036854775807,0.0,0.0,61.48735964873859,0.7498458493748609,2.0004111528396606,0.0001081228256225586,2,2,4,2.0004111528396606,0.0001081228256225586,2,2,0,0.0,0.0,0,9223372036854775807,0,0,0,0,60,0,0.7498458493748609,0.0,82,82,82.0,0.0,0.0,0,0,0,0,0,0,0,0,0.0,82.0,82.0,0,0,0,0,0,0,0,3,246,0,0,0,0,3,82,0,0,0,0,0,0,0,0
0,0,1,0,82,0,82,82,82.0,0.0,0,9223372036854775807,0.0,0.0,0.0,0.0,0.0,0.0,0,9223372036854775807,0,0.0,0.0,0,9223372036854775807,0,0.0,0.0,0,9223372036854775807,0,0,0,0,20,0,0.0,0.0,82,82,82.0,0.0,0.0,0,0,0,0,0,0,0,0,0.0,82.0,82.0,0,0,0,0,0,0,0,1,82,0,0,0,0,1,82,0,0,0,0,0,0,0,0
0,0,1,0,82,0,82,82,82.0,0.0,0,9223372036854775807,0.0,0.0,0.0,0.0,0.0,0.0,0,9223372036854775807,0,0.0,0.0,0,9223372036854775807,0,0.0,0.0,0,9223372036854775807,0,0,0,0,20,0,0.0,0.0,82,82,82.0,0.0,0.0,0,0,0,0,0,0,0,0,0.0,82.0,82.0,0,0,0,0,0,0,0,1,82,0,0,0,0,1,82,0,0,0,0,0,0,0,0
0,2,2,0,164,0,82,82,82.0,0.0,0,9223372036854775807,0.0,0.0,81.97909625924844,0.9997450763322979,2.0005099773406982,0.0,2,2,2,2.0005099773406982,0.0,2,2,0,0.0,0.0,0,9223372036854775807,0,0,0,0,40,0,0.9997450763322979,0.0,82,82,82.0,0.0,0.0,0,0,0,0,0,0,0,0,0.0,82.0,82.0,0,0,0,0,0,0,0,2,164,0,0,0,0,2,82,0,0,0,0,0,0,0,0
0,2,2,0,164,0,82,82,82.0,0.0,0,9223372036854775807,0.0,0.0,81.98371781422156,0.9998014367587995,2.000397205352783,0.0,2,2,2,2.000397205352783,0.0,2,2,0,0.0,0.0,0,9223372036854775807,0,0,0,0,40,0,0.9998014367587995,0.0,82,82,82.0,0.0,0.0,0,0,0,0,0,0,0,0,0.0,82.0,82.0,0,0,0,0,0,0,0,2,164,0,0,0,0,2,82,0,0,0,0,0,0,0,0
0,0,1,0,82,0,82,82,82.0,0.0,0,9223372036854775807,0.0,0.0,0.0,0.0,0.0,0.0,0,9223372036854775807,0,0.0,0.0,0,9223372036854775807,0,0.0,0.0,0,9223372036854775807,0,0,0,0,20,0,0.0,0.0,82,82,82.0,0.0,0.0,0,0,0,0,0,0,0,0,0.0,82.0,82.0,0,0,0,0,0,0,0,1,82,0,0,0,0,1,82,0,0,0,0,0,0,0,0
0,0,1,0,82,0,82,82,82.0,0.0,0,9223372036854775807,0.0,0.0,0.0,0.0,0.0,0.0,0,9223372036854775807,0,0.0,0.0,0,9223372036854775807,0,0.0,0.0,0,9223372036854775807,0,0,0,0,20,0,0.0,0.0,82,82,82.0,0.0,0.0,0,0,0,0,0,0,0,0,0.0,82.0,82.0,0,0,0,0,0,0,0,1,82,0,0,0,0,1,82,0,0,0,0,0,0,0,0
0,2,2,0,164,0,82,82,82.0,0.0,0,9223372036854775807,0.0,0.0,81.99648109278758,0.9999570864974094,2.0000858306884766,0.0,2,2,2,2.0000858306884766,0.0,2,2,0,0.0,0.0,0,9223372036854775807,0,0,0,0,40,0,0.9999570864974094,0.0,82,82,82.0,0.0,0.0,0,0,0,0,0,0,0,0,0.0,82.0,82.0,0,0,0,0,0,0,0,2,164,0,0,0,0,2,82,0,0,0,0,0,0,0,0
0,2,2,0,164,0,82,82,82.0,0.0,0,9223372036854775807,0.0,0.0,81.98288726382268,0.9997913080953985,2.000417470932007,0.0,2,2,2,2.000417470932007,0.0,2,2,0,0.0,0.0,0,9223372036854775807,0,0,0,0,40,0,0.9997913080953985,0.0,82,82,82.0,0.0,0.0,0,0,0,0,0,0,0,0,0.0,82.0,82.0,0,0,0,0,0,0,0,2,164,0,0,0,0,2,82,0,0,0,0,0,0,0,0
0,4,3,0,246,0,82,82,82.0,0.0,0,9223372036854775807,0.0,0.0,61.49437735230575,0.7499314311256798,2.000182867050171,9.703636169433594e-05,2,2,4,2.000182867050171,9.703636169433594e-05,2,2,0,0.0,0.0,0,9223372036854775807,0,0,0,0,60,0,0.7499314311256798,0.0,82,82,82.0,0.0,0.0,0,0,0,0,0,0,0,0,0.0,82.0,82.0,0,0,0,0,0,0,0,3,246,0,0,0,0,3,82,0,0,0,0,0,0,0,0
0,4,3,0,246,0,82,82,82.0,0.0,0,9223372036854775807,0.0,0.0,61.491273240948516,0.7498935761091282,2.0002838373184204,0.00013363361358642578,2,2,4,2.0002838373184204,0.00013363361358642578,2,2,0,0.0,0.0,0,9223372036854775807,0,0,0,0,60,0,0.7498935761091282,0.0,82,82,82.0,0.0,0.0,0,0,0,0,0,0,0,0,0.0,82.0,82.0,0,0,0,0,0,0,0,3,246,0,0,0,0,3,82,0,0,0,0,0,0,0,0
0,0,1,0,82,0,82,82,82.0,0.0,0,9223372036854775807,0.0,0.0,0.0,0.0,0.0,0.0,0,9223372036854775807,0,0.0,0.0,0,9223372036854775807,0,0.0,0.0,0,9223372036854775807,0,0,0,0,20,0,0.0,0.0,82,82,82.0,0.0,0.0,0,0,0,0,0,0,0,0,0.0,82.0,82.0,0.0,0,0,0,0,0,0,1,82,0,0,0,0,1,82,0,0,0,0,0,0,0,0
0,0,1,0,82,0,82,82,82.0,0.0,0,9223372036854775807,0.0,0.0,0.0,0.0,0.0,0.0,0,9223372036854775807,0,0.0,0.0,0,9223372036854775807,0,0.0,0.0,0,9223372036854775807,0,0,0,0,20,0,0.0,0.0,82,82,82.0,0.0,0.0,0,0,0,0,0,0,0,0,0.0,82.0,82.0,0.0,0,0,0,0,0,0,1,82,0,0,0,0,1,82,0,0,0,0,0,0,0,0
0,2,2,0,164,0,82,82,82.0,0.0,0,9223372036854775807,0.0,0.0,81.97585268831338,0.9997055205891876,2.00058913230896,0.0,2,2,2,2.00058913230896,0.0,2,2,0,0.0,0.0,0,9223372036854775807,0,0,0,0,40,0,0.9997055205891876,0.0,82,82,82.0,0.0,0.0,0,0,0,0,0,0,0,0,0.0,82.0,82.0,0.0,0,0,0,0,0,0,2,164,0,0,0,0,2,82,0,0,0,0,0,0,0,0
0,2,2,0,164,0,82,82,82.0,0.0,0,9223372036854775807,0.0,0.0,81.9790571785529,0.9997445997384501,2.0005109310150146,0.0,2,2,2,2.0005109310150146,0.0,2,2,0,0.0,0.0,0,9223372036854775807,0,0,0,0,40,0,0.9997445997384501,0.0,82,82,82.0,0.0,0.0,0,0,0,0,0,0,0,0,0.0,82.0,82.0,0.0,0,0,0,0,0,0,2,164,0,0,0,0,2,82,0,0,0,0,0,0,0,0
37288,0,1,0,279,0,279,279,279.0,0.0,0,9223372036854775807,0.0,0.0,0.0,0.0,0.0,0.0,0,9223372036854775807,0,0.0,0.0,0,9223372036854775807,0,0.0,0.0,0,9223372036854775807,1,0,0,0,265,0,0.0,0.0,279,279,279.0,0.0,0.0,0,0,0,1,1,0,0,0,0.0,279.0,279.0,0.0,0,0,0,0,0,0,1,279,0,0,501,0,1,279,0,0,0,0,0,0,0,0
37288,0,1,1,279,66,279,279,279.0,0.0,66,66,66.0,0.0,16078165.333333334,93206.75555555556,2.1457672119140625e-05,0.0,0,0,0,0.0,0.0,0,9223372036854775807,0,0.0,0.0,0,9223372036854775807,1,0,0,0,265,52,46603.37777777778,46603.37777777778,66,279,172.5,0.0,0.0,0,0,0,1,2,0,0,0,1.0,172.5,279.0,66.0,0,0,0,0,0,0,1,279,1,66,501,627,1,279,0,0,0,0,0,0,0,0
37302,0,1,0,275,0,275,275,275.0,0.0,0,9223372036854775807,0.0,0.0,0.0,0.0,0.0,0.0,0,9223372036854775807,0,0.0,0.0,0,9223372036854775807,0,0.0,0.0,0,9223372036854775807,1,0,0,0,261,0,0.0,0.0,275,275,275.0,0.0,0.0,0,0,0,1,1,0,0,0,0.0,275.0,275.0,0.0,0,0,0,0,0,0,1,275,0,0,501,0,1,275,0,0,0,0,0,0,0,0
37302,0,1,1,275,66,275,275,275.0,0.0,66,66,66.0,0.0,13366894.056074766,78398.20560747663,2.5510787963867188e-05,0.0,0,0,0,0.0,0.0,0,9223372036854775807,0,0.0,0.0,0,9223372036854775807,1,0,0,0,261,52,39199.102803738315,39199.102803738315,66,275,170.5,0.0,0.0,0,0,0,1,2,0,0,0,1.0,170.5,275.0,66.0,0,0,0,0,0,0,1,275,1,66,501,627,1,275,0,0,0,0,0,0,0,0
0,4,3,0,246,0,82,82,82.0,0.0,0,9223372036854775807,0.0,0.0,61.48702621026133,0.7498417830519674,2.0004220008850098,0.0001671314239501953,2,2,4,2.0004220008850098,0.0001671314239501953,2,2,0,0.0,0.0,0,9223372036854775807,0,0,0,0,60,0,0.7498417830519674,0.0,82,82,82.0,0.0,0.0,0,0,0,0,0,0,0,0,0.0,82.0,82.0,0.0,0,0,0,0,0,0,3,246,0,0,0,0,3,82,0,0,0,0,0,0,0,0
0,4,3,0,246,0,82,82,82.0,0.0,0,9223372036854775807,0.0,0.0,61.48547265448556,0.7498228372498239,2.0004725456237793,3.838539123535156e-05,2,2,4,2.0004725456237793,3.838539123535156e-05,2,2,0,0.0,0.0,0,9223372036854775807,0,0,0,0,60,0,0.7498228372498239,0.0,82,82,82.0,0.0,0.0,0,0,0,0,0,0,0,0,0.0,82.0,82.0,0.0,0,0,0,0,0,0,3,246,0,0,0,0,3,82,0,0,0,0,0,0,0,0
37316,0,1,0,276,0,276,276,276.0,0.0,0,9223372036854775807,0.0,0.0,0.0,0.0,0.0,0.0,0,9223372036854775807,0,0.0,0.0,0,9223372036854775807,0,0.0,0.0,0,9223372036854775807,1,0,0,0,262,0,0.0,0.0,276,276,276.0,0.0,0.0,0,0,0,1,1,0,0,0,0.0,276.0,276.0,0.0,0,0,0,0,0,0,1,276,0,0,501,0,1,276,0,0,0,0,0,0,0,0
37316,0,1,1,276,66,276,276,276.0,0.0,66,66,66.0,0.0,17282553.8313253,101067.56626506025,1.9788742065429688e-05,0.0,0,0,0,0.0,0.0,0,9223372036854775807,0,0.0,0.0,0,9223372036854775807,1,0,0,0,262,52,50533.78313253012,50533.78313253012,66,276,171.0,0.0,0.0,0,0,0,1,2,0,0,0,1.0,171.0,276.0,66.0,0,0,0,0,0,0,1,276,1,66,501,624,1,276,0,0,0,0,0,0,0,0
0,0,1,0,82,0,82,82,82.0,0.0,0,9223372036854775807,0.0,0.0,0.0,0.0,0.0,0.0,0,9223372036854775807,0,0.0,0.0,0,9223372036854775807,0,0.0,0.0,0,9223372036854775807,0,0,0,0,20,0,0.0,0.0,82,82,82.0,0.0,0.0,0,0,0,0,0,0,0,0,0.0,82.0,82.0,0,0,0,0,0,0,0,1,82,0,0,0,0,1,82,0,0,0,0,0,0,0,0
0,0,1,0,82,0,82,82,82.0,0.0,0,9223372036854775807,0.0,0.0,0.0,0.0,0.0,0.0,0,9223372036854775807,0,0.0,0.0,0,9223372036854775807,0,0.0,0.0,0,9223372036854775807,0,0,0,0,20,0,0.0,0.0,82,82,82.0,0.0,0.0,0,0,0,0,0,0,0,0,0.0,82.0,82.0,0,0,0,0,0,0,0,1,82,0,0,0,0,1,82,0,0,0,0,0,0,0,0
0,2,2,0,164,0,82,82,82.0,0.0,0,9223372036854775807,0.0,0.0,81.98242802553297,0.9997857076284509,2.0004286766052246,0.0,2,2,2,2.0004286766052246,0.0,2,2,0,0.0,0.0,0,9223372036854775807,0,0,0,0,40,0,0.9997857076284509,0.0,82,82,82.0,0.0,0.0,0,0,0,0,0,0,0,0,0.0,82.0,82.0,0,0,0,0,0,0,0,2,164,0,0,0,0,2,82,0,0,0,0,0,0,0,0
0,2,2,0,164,0,82,82,82.0,0.0,0,9223372036854775807,0.0,0.0,81.98081584674034,0.9997660469114676,2.0004680156707764,0.0,2,2,2,2.0004680156707764,0.0,2,2,0,0.0,0.0,0,9223372036854775807,0,0,0,0,40,0,0.9997660469114676,0.0,82,82,82.0,0.0,0.0,0,0,0,0,0,0,0,0,0.0,82.0,82.0,0,0,0,0,0,0,0,2,164,0,0,0,0,2,82,0,0,0,0,0,0,0,0
37316,0,1,0,66,0,66,66,66.0,0.0,0,9223372036854775807,0.0,0.0,0.0,0.0,0.0,0.0,0,9223372036854775807,0,0.0,0.0,0,9223372036854775807,0,0.0,0.0,0,9223372036854775807,0,0,0,0,52,0,0.0,0.0,66,66,66.0,0.0,0.0,0,0,0,0,1,0,0,0,0.0,66.0,66.0,0,0,0,0,0,0,0,1,66,0,0,501,0,1,66,0,0,0,0,0,0,0,0
37302,0,1,0,66,0,66,66,66.0,0.0,0,9223372036854775807,0.0,0.0,0.0,0.0,0.0,0.0,0,9223372036854775807,0,0.0,0.0,0,9223372036854775807,0,0.0,0.0,0,9223372036854775807,0,0,0,0,52,0,0.0,0.0,66,66,66.0,0.0,0.0,0,0,0,0,1,0,0,0,0.0,66.0,66.0,0,0,0,0,0,0,0,1,66,0,0,501,0,1,66,0,0,0,0,0,0,0,0
37288,0,1,0,66,0,66,66,66.0,0.0,0,9223372036854775807,0.0,0.0,0.0,0.0,0.0,0.0,0,9223372036854775807,0,0.0,0.0,0,9223372036854775807,0,0.0,0.0,0,9223372036854775807,0,0,0,0,52,0,0.0,0.0,66,66,66.0,0.0,0.0,0,0,0,0,1,0,0,0,0.0,66.0,66.0,0,0,0,0,0,0,0,1,66,0,0,501,0,1,66,0,0,0,0,0,0,0,0
0,0,1,0,82,0,82,82,82.0,0.0,0,9223372036854775807,0.0,0.0,0.0,0.0,0.0,0.0,0,9223372036854775807,0,0.0,0.0,0,9223372036854775807,0,0.0,0.0,0,9223372036854775807,0,0,0,0,20,0,0.0,0.0,82,82,82.0,0.0,0.0,0,0,0,0,0,0,0,0,0.0,82.0,82.0,0,0,0,0,0,0,0,1,82,0,0,0,0,1,82,0,0,0,0,0,0,0,0
0,0,1,0,82,0,82,82,82.0,0.0,0,9223372036854775807,0.0,0.0,0.0,0.0,0.0,0.0,0,9223372036854775807,0,0.0,0.0,0,9223372036854775807,0,0.0,0.0,0,9223372036854775807,0,0,0,0,20,0,0.0,0.0,82,82,82.0,0.0,0.0,0,0,0,0,0,0,0,0,0.0,82.0,82.0,0,0,0,0,0,0,0,1,82,0,0,0,0,1,82,0,0,0,0,0,0,0,0
0,2,2,0,164,0,82,82,82.0,0.0,0,9223372036854775807,0.0,0.0,81.98821284953397,0.9998562542626094,2.0002875328063965,0.0,2,2,2,2.0002875328063965,0.0,2,2,0,0.0,0.0,0,9223372036854775807,0,0,0,0,40,0,0.9998562542626094,0.0,82,82,82.0,0.0,0.0,0,0,0,0,0,0,0,0,0.0,82.0,82.0,0,0,0,0,0,0,0,2,164,0,0,0,0,2,82,0,0,0,0,0,0,0,0
0,2,2,0,164,0,82,82,82.0,0.0,0,9223372036854775807,0.0,0.0,81.98945395698314,0.9998713897193066,2.0002572536468506,0.0,2,2,2,2.0002572536468506,0.0,2,2,0,0.0,0.0,0,9223372036854775807,0,0,0,0,40,0,0.9998713897193066,0.0,82,82,82.0,0.0,0.0,0,0,0,0,0,0,0,0,0.0,82.0,82.0,0,0,0,0,0,0,0,2,164,0,0,0,0,2,82,0,0,0,0,0,0,0,0
0,4,3,0,246,0,82,82,82.0,0.0,0,9223372036854775807,0.0,0.0,61.487923937477234,0.7498527309448443,2.00039279460907,0.00010526180267333984,2,2,4,2.00039279460907,0.00010526180267333984,2,2,0,0.0,0.0,0,9223372036854775807,0,0,0,0,60,0,0.7498527309448443,0.0,82,82,82.0,0.0,0.0,0,0,0,0,0,0,0,0,0.0,82.0,82.0,0,0,0,0,0,0,0,3,246,0,0,0,0,3,82,0,0,0,0,0,0,0,0
0,4,3,0,246,0,82,82,82.0,0.0,0,9223372036854775807,0.0,0.0,61.49143448576967,0.7498955425093863,2.00027859210968,2.1338462829589844e-05,2,2,4,2.00027859210968,2.1338462829589844e-05,2,2,0,0.0,0.0,0,9223372036854775807,0,0,0,0,60,0,0.7498955425093863,0.0,82,82,82.0,0.0,0.0,0,0,0,0,0,0,0,0,0.0,82.0,82.0,0,0,0,0,0,0,0,3,246,0,0,0,0,3,82,0,0,0,0,0,0,0,0
0,0,1,0,82,0,82,82,82.0,0.0,0,9223372036854775807,0.0,0.0,0.0,0.0,0.0,0.0,0,9223372036854775807,0,0.0,0.0,0,9223372036854775807,0,0.0,0.0,0,9223372036854775807,0,0,0,0,20,0,0.0,0.0,82,82,82.0,0.0,0.0,0,0,0,0,0,0,0,0,0.0,82.0,82.0,0,0,0,0,0,0,0,1,82,0,0,0,0,1,82,0,0,0,0,0,0,0,0
0,0,1,0,82,0,82,82,82.0,0.0,0,9223372036854775807,0.0,0.0,0.0,0.0,0.0,0.0,0,9223372036854775807,0,0.0,0.0,0,9223372036854775807,0,0.0,0.0,0,9223372036854775807,0,0,0,0,20,0,0.0,0.0,82,82,82.0,0.0,0.0,0,0,0,0,0,0,0,0,0.0,82.0,82.0,0,0,0,0,0,0,0,1,82,0,0,0,0,1,82,0,0,0,0,0,0,0,0
0,2,2,0,164,0,82,82,82.0,0.0,0,9223372036854775807,0.0,0.0,81.97118317852099,0.9996485753478168,2.0007030963897705,0.0,2,2,2,2.0007030963897705,0.0,2,2,0,0.0,0.0,0,9223372036854775807,0,0,0,0,40,0,0.9996485753478168,0.0,82,82,82.0,0.0,0.0,0,0,0,0,0,0,0,0,0.0,82.0,82.0,0,0,0,0,0,0,0,2,164,0,0,0,0,2,82,0,0,0,0,0,0,0,0
0,2,2,0,164,0,82,82,82.0,0.0,0,9223372036854775807,0.0,0.0,81.97168136446545,0.999654650786164,2.0006909370422363,0.0,2,2,2,2.0006909370422363,0.0,2,2,0,0.0,0.0,0,9223372036854775807,0,0,0,0,40,0,0.999654650786164,0.0,82,82,82.0,0.0,0.0,0,0,0,0,0,0,0,0,0.0,82.0,82.0,0,0,0,0,0,0,0,2,164,0,0,0,0,2,82,0,0,0,0,0,0,0,0
0,0,1,0,82,0,82,82,82.0,0.0,0,9223372036854775807,0.0,0.0,0.0,0.0,0.0,0.0,0,9223372036854775807,0,0.0,0.0,0,9223372036854775807,0,0.0,0.0,0,9223372036854775807,0,0,0,0,20,0,0.0,0.0,82,82,82.0,0.0,0.0,0,0,0,0,0,0,0,0,0.0,82.0,82.0,0,0,0,0,0,0,0,1,82,0,0,0,0,1,82,0,0,0,0,0,0,0,0
0,0,1,0,82,0,82,82,82.0,0.0,0,9223372036854775807,0.0,0.0,0.0,0.0,0.0,0.0,0,9223372036854775807,0,0.0,0.0,0,9223372036854775807,0,0.0,0.0,0,9223372036854775807,0,0,0,0,20,0,0.0,0.0,82,82,82.0,0.0,0.0,0,0,0,0,0,0,0,0,0.0,82.0,82.0,0,0,0,0,0,0,0,1,82,0,0,0,0,1,82,0,0,0,0,0,0,0,0
0,2,2,0,164,0,82,82,82.0,0.0,0,9223372036854775807,0.0,0.0,81.98890669237424,0.9998647157606616,2.0002706050872803,0.0,2,2,2,2.0002706050872803,0.0,2,2,0,0.0,0.0,0,9223372036854775807,0,0,0,0,40,0,0.9998647157606616,0.0,82,82,82.0,0.0,0.0,0,0,0,0,0,0,0,0,0.0,82.0,82.0,0,0,0,0,0,0,0,2,164,0,0,0,0,2,82,0,0,0,0,0,0,0,0
0,2,2,0,164,0,82,82,82.0,0.0,0,9223372036854775807,0.0,0.0,81.99113488682003,0.999891888863659,2.000216245651245,0.0,2,2,2,2.000216245651245,0.0,2,2,0,0.0,0.0,0,9223372036854775807,0,0,0,0,40,0,0.999891888863659,0.0,82,82,82.0,0.0,0.0,0,0,0,0,0,0,0,0,0.0,82.0,82.0,0,0,0,0,0,0,0,2,164,0,0,0,0,2,82,0,0,0,0,0,0,0,0
0,4,3,0,246,0,82,82,82.0,0.0,0,9223372036854775807,0.0,0.0,61.48902323099513,0.7498661369633552,2.0003570318222046,8.64267349243164e-05,2,2,4,2.0003570318222046,8.64267349243164e-05,2,2,0,0.0,0.0,0,9223372036854775807,0,0,0,0,60,0,0.7498661369633552,0.0,82,82,82.0,0.0,0.0,0,0,0,0,0,0,0,0,0.0,82.0,82.0,0,0,0,0,0,0,0,3,246,0,0,0,0,3,82,0,0,0,0,0,0,0,0
0,4,3,0,246,0,82,82,82.0,0.0,0,9223372036854775807,0.0,0.0,61.4922737054246,0.749905776895422,2.000251293182373,3.504753112792969e-05,2,2,4,2.000251293182373,3.504753112792969e-05,2,2,0,0.0,0.0,0,9223372036854775807,0,0,0,0,60,0,0.749905776895422,0.0,82,82,82.0,0.0,0.0,0,0,0,0,0,0,0,0,0.0,82.0,82.0,0,0,0,0,0,0,0,3,246,0,0,0,0,3,82,0,0,0,0,0,0,0,0
0,0,1,0,82,0,82,82,82.0,0.0,0,9223372036854775807,0.0,0.0,0.0,0.0,0.0,0.0,0,9223372036854775807,0,0.0,0.0,0,9223372036854775807,0,0.0,0.0,0,9223372036854775807,0,0,0,0,20,0,0.0,0.0,82,82,82.0,0.0,0.0,0,0,0,0,0,0,0,0,0.0,82.0,82.0,0.0,0,0,0,0,0,0,1,82,0,0,0,0,1,82,0,0,0,0,0,0,0,0
0,0,1,0,82,0,82,82,82.0,0.0,0,9223372036854775807,0.0,0.0,0.0,0.0,0.0,0.0,0,9223372036854775807,0,0.0,0.0,0,9223372036854775807,0,0.0,0.0,0,9223372036854775807,0,0,0,0,20,0,0.0,0.0,82,82,82.0,0.0,0.0,0,0,0,0,0,0,0,0,0.0,82.0,82.0,0.0,0,0,0,0,0,0,1,82,0,0,0,0,1,82,0,0,0,0,0,0,0,0
0,2,2,0,164,0,82,82,82.0,0.0,0,9223372036854775807,0.0,0.0,81.97043102690131,0.9996394027670892,2.0007214546203613,0.0,2,2,2,2.0007214546203613,0.0,2,2,0,0.0,0.0,0,9223372036854775807,0,0,0,0,40,0,0.9996394027670892,0.0,82,82,82.0,0.0,0.0,0,0,0,0,0,0,0,0,0.0,82.0,82.0,0.0,0,0,0,0,0,0,2,164,0,0,0,0,2,82,0,0,0,0,0,0,0,0
0,2,2,0,164,0,82,82,82.0,0.0,0,9223372036854775807,0.0,0.0,81.98095263520646,0.9997677150634934,2.000464677810669,0.0,2,2,2,2.000464677810669,0.0,2,2,0,0.0,0.0,0,9223372036854775807,0,0,0,0,40,0,0.9997677150634934,0.0,82,82,82.0,0.0,0.0,0,0,0,0,0,0,0,0,0.0,82.0,82.0,0.0,0,0,0,0,0,0,2,164,0,0,0,0,2,82,0,0,0,0,0,0,0,0
42024,0,1,0,279,0,279,279,279.0,0.0,0,9223372036854775807,0.0,0.0,0.0,0.0,0.0,0.0,0,9223372036854775807,0,0.0,0.0,0,9223372036854775807,0,0.0,0.0,0,9223372036854775807,1,0,0,0,265,0,0.0,0.0,279,279,279.0,0.0,0.0,0,0,0,1,1,0,0,0,0.0,279.0,279.0,0.0,0,0,0,0,0,0,1,279,0,0,501,0,1,279,0,0,0,0,0,0,0,0
42024,0,1,1,279,66,279,279,279.0,0.0,66,66,66.0,0.0,15728640.0,91180.52173913043,2.193450927734375e-05,0.0,0,0,0,0.0,0.0,0,9223372036854775807,0,0.0,0.0,0,9223372036854775807,1,0,0,0,265,52,45590.260869565216,45590.260869565216,66,279,172.5,0.0,0.0,0,0,0,1,2,0,0,0,1.0,172.5,279.0,66.0,0,0,0,0,0,0,1,279,1,66,501,627,1,279,0,0,0,0,0,0,0,0
0,4,3,0,246,0,82,82,82.0,0.0,0,9223372036854775807,0.0,0.0,61.4829043299735,0.749791516219189,2.0005561113357544,0.0001653432846069336,2,2,4,2.0005561113357544,0.0001653432846069336,2,2,0,0.0,0.0,0,9223372036854775807,0,0,0,0,60,0,0.749791516219189,0.0,82,82,82.0,0.0,0.0,0,0,0,0,0,0,0,0,0.0,82.0,82.0,0.0,0,0,0,0,0,0,3,246,0,0,0,0,3,82,0,0,0,0,0,0,0,0
0,4,3,0,246,0,82,82,82.0,0.0,0,9223372036854775807,0.0,0.0,61.48261123953274,0.7497879419455211,2.0005656480789185,0.00010097026824951172,2,2,4,2.0005656480789185,0.00010097026824951172,2,2,0,0.0,0.0,0,9223372036854775807,0,0,0,0,60,0,0.7497879419455211,0.0,82,82,82.0,0.0,0.0,0,0,0,0,0,0,0,0,0.0,82.0,82.0,0.0,0,0,0,0,0,0,3,246,0,0,0,0,3,82,0,0,0,0,0,0,0,0
42026,0,1,0,276,0,276,276,276.0,0.0,0,9223372036854775807,0.0,0.0,0.0,0.0,0.0,0.0,0,9223372036854775807,0,0.0,0.0,0,9223372036854775807,0,0.0,0.0,0,9223372036854775807,1,0,0,0,262,0,0.0,0.0,276,276,276.0,0.0,0.0,0,0,0,1,1,0,0,0,0.0,276.0,276.0,0.0,0,0,0,0,0,0,1,276,0,0,501,0,1,276,0,0,0,0,0,0,0,0
42026,0,1,1,276,66,276,276,276.0,0.0,66,66,66.0,0.0,14942208.0,87381.33333333333,2.288818359375e-05,0.0,0,0,0,0.0,0.0,0,9223372036854775807,0,0.0,0.0,0,9223372036854775807,1,0,0,0,262,52,43690.666666666664,43690.666666666664,66,276,171.0,0.0,0.0,0,0,0,1,2,0,0,0,1.0,171.0,276.0,66.0,0,0,0,0,0,0,1,276,1,66,501,627,1,276,0,0,0,0,0,0,0,0
42040,0,1,0,276,0,276,276,276.0,0.0,0,9223372036854775807,0.0,0.0,0.0,0.0,0.0,0.0,0,9223372036854775807,0,0.0,0.0,0,9223372036854775807,0,0.0,0.0,0,9223372036854775807,1,0,0,0,262,0,0.0,0.0,276,276,276.0,0.0,0.0,0,0,0,1,1,0,0,0,0.0,276.0,276.0,0.0,0,0,0,0,0,0,1,276,0,0,501,0,1,276,0,0,0,0,0,0,0,0
42040,0,1,1,276,66,276,276,276.0,0.0,66,66,66.0,0.0,19922944.0,116508.44444444444,1.71661376953125e-05,0.0,0,0,0,0.0,0.0,0,9223372036854775807,0,0.0,0.0,0,9223372036854775807,1,0,0,0,262,52,58254.22222222222,58254.22222222222,66,276,171.0,0.0,0.0,0,0,0,1,2,0,0,0,1.0,171.0,276.0,66.0,0,0,0,0,0,0,1,276,1,66,501,624,1,276,0,0,0,0,0,0,0,0
0,0,1,0,82,0,82,82,82.0,0.0,0,9223372036854775807,0.0,0.0,0.0,0.0,0.0,0.0,0,9223372036854775807,0,0.0,0.0,0,9223372036854775807,0,0.0,0.0,0,9223372036854775807,0,0,0,0,20,0,0.0,0.0,82,82,82.0,0.0,0.0,0,0,0,0,0,0,0,0,0.0,82.0,82.0,0,0,0,0,0,0,0,1,82,0,0,0,0,1,82,0,0,0,0,0,0,0,0
0,0,1,0,82,0,82,82,82.0,0.0,0,9223372036854775807,0.0,0.0,0.0,0.0,0.0,0.0,0,9223372036854775807,0,0.0,0.0,0,9223372036854775807,0,0.0,0.0,0,9223372036854775807,0,0,0,0,20,0,0.0,0.0,82,82,82.0,0.0,0.0,0,0,0,0,0,0,0,0,0.0,82.0,82.0,0,0,0,0,0,0,0,1,82,0,0,0,0,1,82,0,0,0,0,0,0,0,0
0,2,2,0,164,0,82,82,82.0,0.0,0,9223372036854775807,0.0,0.0,81.98062043543774,0.9997636638468017,2.0004727840423584,0.0,2,2,2,2.0004727840423584,0.0,2,2,0,0.0,0.0,0,9223372036854775807,0,0,0,0,40,0,0.9997636638468017,0.0,82,82,82.0,0.0,0.0,0,0,0,0,0,0,0,0,0.0,82.0,82.0,0,0,0,0,0,0,0,2,164,0,0,0,0,2,82,0,0,0,0,0,0,0,0
0,2,2,0,164,0,82,82,82.0,0.0,0,9223372036854775807,0.0,0.0,81.98054227117754,0.9997627106241164,2.000474691390991,0.0,2,2,2,2.000474691390991,0.0,2,2,0,0.0,0.0,0,9223372036854775807,0,0,0,0,40,0,0.9997627106241164,0.0,82,82,82.0,0.0,0.0,0,0,0,0,0,0,0,0,0.0,82.0,82.0,0,0,0,0,0,0,0,2,164,0,0,0,0,2,82,0,0,0,0,0,0,0,0
42024,0,1,0,66,0,66,66,66.0,0.0,0,9223372036854775807,0.0,0.0,0.0,0.0,0.0,0.0,0,9223372036854775807,0,0.0,0.0,0,9223372036854775807,0,0.0,0.0,0,9223372036854775807,0,0,0,0,52,0,0.0,0.0,66,66,66.0,0.0,0.0,0,0,0,0,1,0,0,0,0.0,66.0,66.0,0,0,0,0,0,0,0,1,66,0,0,501,0,1,66,0,0,0,0,0,0,0,0
42040,0,1,0,66,0,66,66,66.0,0.0,0,9223372036854775807,0.0,0.0,0.0,0.0,0.0,0.0,0,9223372036854775807,0,0.0,0.0,0,9223372036854775807,0,0.0,0.0,0,9223372036854775807,0,0,0,0,52,0,0.0,0.0,66,66,66.0,0.0,0.0,0,0,0,0,1,0,0,0,0.0,66.0,66.0,0,0,0,0,0,0,0,1,66,0,0,501,0,1,66,0,0,0,0,0,0,0,0
42026,0,1,0,66,0,66,66,66.0,0.0,0,9223372036854775807,0.0,0.0,0.0,0.0,0.0,0.0,0,9223372036854775807,0,0.0,0.0,0,9223372036854775807,0,0.0,0.0,0,9223372036854775807,0,0,0,0,52,0,0.0,0.0,66,66,66.0,0.0,0.0,0,0,0,0,1,0,0,0,0.0,66.0,66.0,0,0,0,0,0,0,0,1,66,0,0,501,0,1,66,0,0,0,0,0,0,0,0
0,0,1,0,82,0,82,82,82.0,0.0,0,9223372036854775807,0.0,0.0,0.0,0.0,0.0,0.0,0,9223372036854775807,0,0.0,0.0,0,9223372036854775807,0,0.0,0.0,0,9223372036854775807,0,0,0,0,20,0,0.0,0.0,82,82,82.0,0.0,0.0,0,0,0,0,0,0,0,0,0.0,82.0,82.0,0,0,0,0,0,0,0,1,82,0,0,0,0,1,82,0,0,0,0,0,0,0,0
0,0,1,0,82,0,82,82,82.0,0.0,0,9223372036854775807,0.0,0.0,0.0,0.0,0.0,0.0,0,9223372036854775807,0,0.0,0.0,0,9223372036854775807,0,0.0,0.0,0,9223372036854775807,0,0,0,0,20,0,0.0,0.0,82,82,82.0,0.0,0.0,0,0,0,0,0,0,0,0,0.0,82.0,82.0,0,0,0,0,0,0,0,1,82,0,0,0,0,1,82,0,0,0,0,0,0,0,0
0,2,2,0,164,0,82,82,82.0,0.0,0,9223372036854775807,0.0,0.0,81.98509558787686,0.999818238876547,2.00036358833313,0.0,2,2,2,2.00036358833313,0.0,2,2,0,0.0,0.0,0,9223372036854775807,0,0,0,0,40,0,0.999818238876547,0.0,82,82,82.0,0.0,0.0,0,0,0,0,0,0,0,0,0.0,82.0,82.0,0,0,0,0,0,0,0,2,164,0,0,0,0,2,82,0,0,0,0,0,0,0,0
0,2,2,0,164,0,82,82,82.0,0.0,0,9223372036854775807,0.0,0.0,81.98382529844416,0.9998027475420019,2.000394582748413,0.0,2,2,2,2.000394582748413,0.0,2,2,0,0.0,0.0,0,9223372036854775807,0,0,0,0,40,0,0.9998027475420019,0.0,82,82,82.0,0.0,0.0,0,0,0,0,0,0,0,0,0.0,82.0,82.0,0,0,0,0,0,0,0,2,164,0,0,0,0,2,82,0,0,0,0,0,0,0,0
0,4,3,0,246,0,82,82,82.0,0.0,0,9223372036854775807,0.0,0.0,61.48890963551062,0.7498647516525685,2.0003607273101807,2.86102294921875e-06,2,2,4,2.0003607273101807,2.86102294921875e-06,2,2,0,0.0,0.0,0,9223372036854775807,0,0,0,0,60,0,0.7498647516525685,0.0,82,82,82.0,0.0,0.0,0,0,0,0,0,0,0,0,0.0,82.0,82.0,0,0,0,0,0,0,0,3,246,0,0,0,0,3,82,0,0,0,0,0,0,0,0
0,4,3,0,246,0,82,82,82.0,0.0,0,9223372036854775807,0.0,0.0,61.487165447867014,0.7498434810715489,2.000417470932007,2.288818359375e-05,2,2,4,2.000417470932007,2.288818359375e-05,2,2,0,0.0,0.0,0,9223372036854775807,0,0,0,0,60,0,0.7498434810715489,0.0,82,82,82.0,0.0,0.0,0,0,0,0,0,0,0,0,0.0,82.0,82.0,0,0,0,0,0,0,0,3,246,0,0,0,0,3,82,0,0,0,0,0,0,0,0
0,0,1,0,82,0,82,82,82.0,0.0,0,9223372036854775807,0.0,0.0,0.0,0.0,0.0,0.0,0,9223372036854775807,0,0.0,0.0,0,9223372036854775807,0,0.0,0.0,0,9223372036854775807,0,0,0,0,20,0,0.0,0.0,82,82,82.0,0.0,0.0,0,0,0,0,0,0,0,0,0.0,82.0,82.0,0,0,0,0,0,0,0,1,82,0,0,0,0,1,82,0,0,0,0,0,0,0,0
0,0,1,0,82,0,82,82,82.0,0.0,0,9223372036854775807,0.0,0.0,0.0,0.0,0.0,0.0,0,9223372036854775807,0,0.0,0.0,0,9223372036854775807,0,0.0,0.0,0,9223372036854775807,0,0,0,0,20,0,0.0,0.0,82,82,82.0,0.0,0.0,0,0,0,0,0,0,0,0,0.0,82.0,82.0,0,0,0,0,0,0,0,1,82,0,0,0,0,1,82,0,0,0,0,0,0,0,0
0,2,2,0,164,0,82,82,82.0,0.0,0,9223372036854775807,0.0,0.0,81.9999022484991,0.9999988079085256,2.000002384185791,0.0,2,2,2,2.000002384185791,0.0,2,2,0,0.0,0.0,0,9223372036854775807,0,0,0,0,40,0,0.9999988079085256,0.0,82,82,82.0,0.0,0.0,0,0,0,0,0,0,0,0,0.0,82.0,82.0,0,0,0,0,0,0,0,2,164,0,0,0,0,2,82,0,0,0,0,0,0,0,0
0,2,2,0,164,0,82,82,82.0,0.0,0,9223372036854775807,0.0,0.0,81.99482926551325,0.9999369422623566,2.0001261234283447,0.0,2,2,2,2.0001261234283447,0.0,2,2,0,0.0,0.0,0,9223372036854775807,0,0,0,0,40,0,0.9999369422623566,0.0,82,82,82.0,0.0,0.0,0,0,0,0,0,0,0,0,0.0,82.0,82.0,0,0,0,0,0,0,0,2,164,0,0,0,0,2,82,0,0,0,0,0,0,0,0
0,0,1,0,82,0,82,82,82.0,0.0,0,9223372036854775807,0.0,0.0,0.0,0.0,0.0,0.0,0,9223372036854775807,0,0.0,0.0,0,9223372036854775807,0,0.0,0.0,0,9223372036854775807,0,0,0,0,20,0,0.0,0.0,82,82,82.0,0.0,0.0,0,0,0,0,0,0,0,0,0.0,82.0,82.0,0,0,0,0,0,0,0,1,82,0,0,0,0,1,82,0,0,0,0,0,0,0,0
0,0,1,0,82,0,82,82,82.0,0.0,0,9223372036854775807,0.0,0.0,0.0,0.0,0.0,0.0,0,9223372036854775807,0,0.0,0.0,0,9223372036854775807,0,0.0,0.0,0,9223372036854775807,0,0,0,0,20,0,0.0,0.0,82,82,82.0,0.0,0.0,0,0,0,0,0,0,0,0,0.0,82.0,82.0,0,0,0,0,0,0,0,1,82,0,0,0,0,1,82,0,0,0,0,0,0,0,0
0,2,2,0,164,0,82,82,82.0,0.0,0,9223372036854775807,0.0,0.0,81.98302405920138,0.9997929763317241,2.0004141330718994,0.0,2,2,2,2.0004141330718994,0.0,2,2,0,0.0,0.0,0,9223372036854775807,0,0,0,0,40,0,0.9997929763317241,0.0,82,82,82.0,0.0,0.0,0,0,0,0,0,0,0,0,0.0,82.0,82.0,0,0,0,0,0,0,0,2,164,0,0,0,0,2,82,0,0,0,0,0,0,0,0
0,2,2,0,164,0,82,82,82.0,0.0,0,9223372036854775807,0.0,0.0,81.98356147403724,0.999799530171186,2.000401020050049,0.0,2,2,2,2.000401020050049,0.0,2,2,0,0.0,0.0,0,9223372036854775807,0,0,0,0,40,0,0.999799530171186,0.0,82,82,82.0,0.0,0.0,0,0,0,0,0,0,0,0,0.0,82.0,82.0,0,0,0,0,0,0,0,2,164,0,0,0,0,2,82,0,0,0,0,0,0,0,0
0,4,3,0,246,0,82,82,82.0,0.0,0,9223372036854775807,0.0,0.0,61.485036647043835,0.7498175200859004,2.000486731529236,7.259845733642578e-05,2,2,4,2.000486731529236,7.259845733642578e-05,2,2,0,0.0,0.0,0,9223372036854775807,0,0,0,0,60,0,0.7498175200859004,0.0,82,82,82.0,0.0,0.0,0,0,0,0,0,0,0,0,0.0,82.0,82.0,0,0,0,0,0,0,0,3,246,0,0,0,0,3,82,0,0,0,0,0,0,0,0
0,4,3,0,246,0,82,82,82.0,0.0,0,9223372036854775807,0.0,0.0,61.48475086400836,0.7498140349269312,2.000496029853821,9.500980377197266e-05,2,2,4,2.000496029853821,9.500980377197266e-05,2,2,0,0.0,0.0,0,9223372036854775807,0,0,0,0,60,0,0.7498140349269312,0.0,82,82,82.0,0.0,0.0,0,0,0,0,0,0,0,0,0.0,82.0,82.0,0,0,0,0,0,0,0,3,246,0,0,0,0,3,82,0,0,0,0,0,0,0,0
0,0,1,0,82,0,82,82,82.0,0.0,0,9223372036854775807,0.0,0.0,0.0,0.0,0.0,0.0,0,9223372036854775807,0,0.0,0.0,0,9223372036854775807,0,0.0,0.0,0,9223372036854775807,0,0,0,0,20,0,0.0,0.0,82,82,82.0,0.0,0.0,0,0,0,0,0,0,0,0,0.0,82.0,82.0,0.0,0,0,0,0,0,0,1,82,0,0,0,0,1,82,0,0,0,0,0,0,0,0
0,0,1,0,82,0,82,82,82.0,0.0,0,9223372036854775807,0.0,0.0,0.0,0.0,0.0,0.0,0,9223372036854775807,0,0.0,0.0,0,9223372036854775807,0,0.0,0.0,0,9223372036854775807,0,0,0,0,20,0,0.0,0.0,82,82,82.0,0.0,0.0,0,0,0,0,0,0,0,0,0.0,82.0,82.0,0.0,0,0,0,0,0,0,1,82,0,0,0,0,1,82,0,0,0,0,0,0,0,0
0,2,2,0,164,0,82,82,82.0,0.0,0,9223372036854775807,0.0,0.0,81.9876753737156,0.9998496996794587,2.000300645828247,0.0,2,2,2,2.000300645828247,0.0,2,2,0,0.0,0.0,0,9223372036854775807,0,0,0,0,40,0,0.9998496996794587,0.0,82,82,82.0,0.0,0.0,0,0,0,0,0,0,0,0,0.0,82.0,82.0,0.0,0,0,0,0,0,0,2,164,0,0,0,0,2,82,0,0,0,0,0,0,0,0
0,2,2,0,164,0,82,82,82.0,0.0,0,9223372036854775807,0.0,0.0,81.98334650725742,0.9997969086250904,2.000406265258789,0.0,2,2,2,2.000406265258789,0.0,2,2,0,0.0,0.0,0,9223372036854775807,0,0,0,0,40,0,0.9997969086250904,0.0,82,82,82.0,0.0,0.0,0,0,0,0,0,0,0,0,0.0,82.0,82.0,0.0,0,0,0,0,0,0,2,164,0,0,0,0,2,82,0,0,0,0,0,0,0,0
60680,0,1,0,279,0,279,279,279.0,0.0,0,9223372036854775807,0.0,0.0,0.0,0.0,0.0,0.0,0,9223372036854775807,0,0.0,0.0,0,9223372036854775807,0,0.0,0.0,0,9223372036854775807,1,0,0,0,265,0,0.0,0.0,279,279,279.0,0.0,0.0,0,0,0,1,1,0,0,0,0.0,279.0,279.0,0.0,0,0,0,0,0,0,1,279,0,0,501,0,1,279,0,0,0,0,0,0,0,0
60680,0,1,1,279,66,279,279,279.0,0.0,66,66,66.0,0.0,22262075.076923076,129055.5076923077,1.5497207641601562e-05,0.0,0,0,0,0.0,0.0,0,9223372036854775807,0,0.0,0.0,0,9223372036854775807,1,0,0,0,265,52,64527.75384615385,64527.75384615385,66,279,172.5,0.0,0.0,0,0,0,1,2,0,0,0,1.0,172.5,279.0,66.0,0,0,0,0,0,0,1,279,1,66,501,627,1,279,0,0,0,0,0,0,0,0
0,4,3,0,246,0,82,82,82.0,0.0,0,9223372036854775807,0.0,0.0,61.493856924521594,0.7499250844453853,2.000199794769287,0.00010085105895996094,2,2,4,2.000199794769287,0.00010085105895996094,2,2,0,0.0,0.0,0,9223372036854775807,0,0,0,0,60,0,0.7499250844453853,0.0,82,82,82.0,0.0,0.0,0,0,0,0,0,0,0,0,0.0,82.0,82.0,0.0,0,0,0,0,0,0,3,246,0,0,0,0,3,82,0,0,0,0,0,0,0,0
0,4,3,0,246,0,82,82,82.0,0.0,0,9223372036854775807,0.0,0.0,61.493138602050365,0.7499163244152484,2.000223159790039,0.00018310546875,2,2,4,2.000223159790039,0.00018310546875,2,2,0,0.0,0.0,0,9223372036854775807,0,0,0,0,60,0,0.7499163244152484,0.0,82,82,82.0,0.0,0.0,0,0,0,0,0,0,0,0,0.0,82.0,82.0,0.0,0,0,0,0,0,0,3,246,0,0,0,0,3,82,0,0,0,0,0,0,0,0
60694,0,1,0,276,0,276,276,276.0,0.0,0,9223372036854775807,0.0,0.0,0.0,0.0,0.0,0.0,0,9223372036854775807,0,0.0,0.0,0,9223372036854775807,0,0.0,0.0,0,9223372036854775807,1,0,0,0,262,0,0.0,0.0,276,276,276.0,0.0,0.0,0,0,0,1,1,0,0,0,0.0,276.0,276.0,0.0,0,0,0,0,0,0,1,276,0,0,501,0,1,276,0,0,0,0,0,0,0,0
60694,0,1,1,276,66,276,276,276.0,0.0,66,66,66.0,0.0,21734120.727272727,127100.12121212122,1.5735626220703125e-05,0.0,0,0,0,0.0,0.0,0,9223372036854775807,0,0.0,0.0,0,9223372036854775807,1,0,0,0,262,52,63550.06060606061,63550.06060606061,66,276,171.0,0.0,0.0,0,0,0,1,2,0,0,0,1.0,171.0,276.0,66.0,0,0,0,0,0,0,1,276,1,66,501,627,1,276,0,0,0,0,0,0,0,0
60696,0,1,0,276,0,276,276,276.0,0.0,0,9223372036854775807,0.0,0.0,0.0,0.0,0.0,0.0,0,9223372036854775807,0,0.0,0.0,0,9223372036854775807,0,0.0,0.0,0,9223372036854775807,1,0,0,0,262,0,0.0,0.0,276,276,276.0,0.0,0.0,0,0,0,1,1,0,0,0,0.0,276.0,276.0,0.0,0,0,0,0,0,0,1,276,0,0,501,0,1,276,0,0,0,0,0,0,0,0
60696,0,1,1,276,66,276,276,276.0,0.0,66,66,66.0,0.0,29884416.0,174762.66666666666,1.1444091796875e-05,0.0,0,0,0,0.0,0.0,0,9223372036854775807,0,0.0,0.0,0,9223372036854775807,1,0,0,0,262,52,87381.33333333333,87381.33333333333,66,276,171.0,0.0,0.0,0,0,0,1,2,0,0,0,1.0,171.0,276.0,66.0,0,0,0,0,0,0,1,276,1,66,501,624,1,276,0,0,0,0,0,0,0,0
0,0,1,0,82,0,82,82,82.0,0.0,0,9223372036854775807,0.0,0.0,0.0,0.0,0.0,0.0,0,9223372036854775807,0,0.0,0.0,0,9223372036854775807,0,0.0,0.0,0,9223372036854775807,0,0,0,0,20,0,0.0,0.0,82,82,82.0,0.0,0.0,0,0,0,0,0,0,0,0,0.0,82.0,82.0,0,0,0,0,0,0,0,1,82,0,0,0,0,1,82,0,0,0,0,0,0,0,0
0,0,1,0,82,0,82,82,82.0,0.0,0,9223372036854775807,0.0,0.0,0.0,0.0,0.0,0.0,0,9223372036854775807,0,0.0,0.0,0,9223372036854775807,0,0.0,0.0,0,9223372036854775807,0,0,0,0,20,0,0.0,0.0,82,82,82.0,0.0,0.0,0,0,0,0,0,0,0,0,0.0,82.0,82.0,0,0,0,0,0,0,0,1,82,0,0,0,0,1,82,0,0,0,0,0,0,0,0
0,2,2,0,164,0,82,82,82.0,0.0,0,9223372036854775807,0.0,0.0,81.98971781931569,0.9998746075526302,2.000250816345215,0.0,2,2,2,2.000250816345215,0.0,2,2,0,0.0,0.0,0,9223372036854775807,0,0,0,0,40,0,0.9998746075526302,0.0,82,82,82.0,0.0,0.0,0,0,0,0,0,0,0,0,0.0,82.0,82.0,0,0,0,0,0,0,0,2,164,0,0,0,0,2,82,0,0,0,0,0,0,0,0
0,2,2,0,164,0,82,82,82.0,0.0,0,9223372036854775807,0.0,0.0,81.98652226755536,0.9998356374092117,2.000328779220581,0.0,2,2,2,2.000328779220581,0.0,2,2,0,0.0,0.0,0,9223372036854775807,0,0,0,0,40,0,0.9998356374092117,0.0,82,82,82.0,0.0,0.0,0,0,0,0,0,0,0,0,0.0,82.0,82.0,0,0,0,0,0,0,0,2,164,0,0,0,0,2,82,0,0,0,0,0,0,0,0
60696,0,1,0,66,0,66,66,66.0,0.0,0,9223372036854775807,0.0,0.0,0.0,0.0,0.0,0.0,0,9223372036854775807,0,0.0,0.0,0,9223372036854775807,0,0.0,0.0,0,9223372036854775807,0,0,0,0,52,0,0.0,0.0,66,66,66.0,0.0,0.0,0,0,0,0,1,0,0,0,0.0,66.0,66.0,0,0,0,0,0,0,0,1,66,0,0,501,0,1,66,0,0,0,0,0,0,0,0
60680,0,1,0,66,0,66,66,66.0,0.0,0,9223372036854775807,0.0,0.0,0.0,0.0,0.0,0.0,0,9223372036854775807,0,0.0,0.0,0,9223372036854775807,0,0.0,0.0,0,9223372036854775807,0,0,0,0,52,0,0.0,0.0,66,66,66.0,0.0,0.0,0,0,0,0,1,0,0,0,0.0,66.0,66.0,0,0,0,0,0,0,0,1,66,0,0,501,0,1,66,0,0,0,0,0,0,0,0
60694,0,1,0,66,0,66,66,66.0,0.0,0,9223372036854775807,0.0,0.0,0.0,0.0,0.0,0.0,0,9223372036854775807,0,0.0,0.0,0,9223372036854775807,0,0.0,0.0,0,9223372036854775807,0,0,0,0,52,0,0.0,0.0,66,66,66.0,0.0,0.0,0,0,0,0,1,0,0,0,0.0,66.0,66.0,0,0,0,0,0,0,0,1,66,0,0,501,0,1,66,0,0,0,0,0,0,0,0
0,0,1,0,82,0,82,82,82.0,0.0,0,9223372036854775807,0.0,0.0,0.0,0.0,0.0,0.0,0,9223372036854775807,0,0.0,0.0,0,9223372036854775807,0,0.0,0.0,0,9223372036854775807,0,0,0,0,20,0,0.0,0.0,82,82,82.0,0.0,0.0,0,0,0,0,0,0,0,0,0.0,82.0,82.0,0,0,0,0,0,0,0,1,82,0,0,0,0,1,82,0,0,0,0,0,0,0,0
0,0,1,0,82,0,82,82,82.0,0.0,0,9223372036854775807,0.0,0.0,0.0,0.0,0.0,0.0,0,9223372036854775807,0,0.0,0.0,0,9223372036854775807,0,0.0,0.0,0,9223372036854775807,0,0,0,0,20,0,0.0,0.0,82,82,82.0,0.0,0.0,0,0,0,0,0,0,0,0,0.0,82.0,82.0,0,0,0,0,0,0,0,1,82,0,0,0,0,1,82,0,0,0,0,0,0,0,0
0,2,2,0,164,0,82,82,82.0,0.0,0,9223372036854775807,0.0,0.0,81.99709687974772,0.9999645960944843,2.000070810317993,0.0,2,2,2,2.000070810317993,0.0,2,2,0,0.0,0.0,0,9223372036854775807,0,0,0,0,40,0,0.9999645960944843,0.0,82,82,82.0,0.0,0.0,0,0,0,0,0,0,0,0,0.0,82.0,82.0,0,0,0,0,0,0,0,2,164,0,0,0,0,2,82,0,0,0,0,0,0,0,0
0,2,2,0,164,0,82,82,82.0,0.0,0,9223372036854775807,0.0,0.0,81.9954645758196,0.9999446899490194,2.000110626220703,0.0,2,2,2,2.000110626220703,0.0,2,2,0,0.0,0.0,0,9223372036854775807,0,0,0,0,40,0,0.9999446899490194,0.0,82,82,82.0,0.0,0.0,0,0,0,0,0,0,0,0,0.0,82.0,82.0,0,0,0,0,0,0,0,2,164,0,0,0,0,2,82,0,0,0,0,0,0,0,0
0,4,3,0,246,0,82,82,82.0,0.0,0,9223372036854775807,0.0,0.0,61.49410247737848,0.7499280789924205,2.000191807746887,0.00012099742889404297,2,2,4,2.000191807746887,0.00012099742889404297,2,2,0,0.0,0.0,0,9223372036854775807,0,0,0,0,60,0,0.7499280789924205,0.0,82,82,82.0,0.0,0.0,0,0,0,0,0,0,0,0,0.0,82.0,82.0,0,0,0,0,0,0,0,3,246,0,0,0,0,3,82,0,0,0,0,0,0,0,0
0,4,3,0,246,0,82,82,82.0,0.0,0,9223372036854775807,0.0,0.0,61.49638951160497,0.7499559696537191,2.0001174211502075,6.794929504394531e-06,2,2,4,2.0001174211502075,6.794929504394531e-06,2,2,0,0.0,0.0,0,9223372036854775807,0,0,0,0,60,0,0.7499559696537191,0.0,82,82,82.0,0.0,0.0,0,0,0,0,0,0,0,0,0.0,82.0,82.0,0,0,0,0,0,0,0,3,246,0,0,0,0,3,82,0,0,0,0,0,0,0,0
0,0,1,0,82,0,82,82,82.0,0.0,0,9223372036854775807,0.0,0.0,0.0,0.0,0.0,0.0,0,9223372036854775807,0,0.0,0.0,0,9223372036854775807,0,0.0,0.0,0,9223372036854775807,0,0,0,0,20,0,0.0,0.0,82,82,82.0,0.0,0.0,0,0,0,0,0,0,0,0,0.0,82.0,82.0,0,0,0,0,0,0,0,1,82,0,0,0,0,1,82,0,0,0,0,0,0,0,0
0,0,1,0,82,0,82,82,82.0,0.0,0,9223372036854775807,0.0,0.0,0.0,0.0,0.0,0.0,0,9223372036854775807,0,0.0,0.0,0,9223372036854775807,0,0.0,0.0,0,9223372036854775807,0,0,0,0,20,0,0.0,0.0,82,82,82.0,0.0,0.0,0,0,0,0,0,0,0,0,0.0,82.0,82.0,0,0,0,0,0,0,0,1,82,0,0,0,0,1,82,0,0,0,0,0,0,0,0
0,2,2,0,164,0,82,82,82.0,0.0,0,9223372036854775807,0.0,0.0,81.99997067452526,0.9999996423722592,2.0000007152557373,0.0,2,2,2,2.0000007152557373,0.0,2,2,0,0.0,0.0,0,9223372036854775807,0,0,0,0,40,0,0.9999996423722592,0.0,82,82,82.0,0.0,0.0,0,0,0,0,0,0,0,0,0.0,82.0,82.0,0,0,0,0,0,0,0,2,164,0,0,0,0,2,82,0,0,0,0,0,0,0,0
0,1,2,0,164,0,82,82,82.0,0.0,0,9223372036854775807,0.0,0.0,82.0008699986255,1.0000106097393353,1.99997878074646,0.0,1,1,1,1.99997878074646,0.0,1,1,0,0.0,0.0,0,9223372036854775807,0,0,0,0,40,0,1.0000106097393353,0.0,82,82,82.0,0.0,0.0,0,0,0,0,0,0,0,0,0.0,82.0,82.0,0,0,0,0,0,0,0,2,164,0,0,0,0,2,82,0,0,0,0,0,0,0,0
0,0,1,0,82,0,82,82,82.0,0.0,0,9223372036854775807,0.0,0.0,0.0,0.0,0.0,0.0,0,9223372036854775807,0,0.0,0.0,0,9223372036854775807,0,0.0,0.0,0,9223372036854775807,0,0,0,0,20,0,0.0,0.0,82,82,82.0,0.0,0.0,0,0,0,0,0,0,0,0,0.0,82.0,82.0,0,0,0,0,0,0,0,1,82,0,0,0,0,1,82,0,0,0,0,0,0,0,0
0,0,1,0,82,0,82,82,82.0,0.0,0,9223372036854775807,0.0,0.0,0.0,0.0,0.0,0.0,0,9223372036854775807,0,0.0,0.0,0,9223372036854775807,0,0.0,0.0,0,9223372036854775807,0,0,0,0,20,0,0.0,0.0,82,82,82.0,0.0,0.0,0,0,0,0,0,0,0,0,0.0,82.0,82.0,0,0,0,0,0,0,0,1,82,0,0,0,0,1,82,0,0,0,0,0,0,0,0
0,2,2,0,164,0,82,82,82.0,0.0,0,9223372036854775807,0.0,0.0,81.99324591959352,0.9999176331657746,2.000164747238159,0.0,2,2,2,2.000164747238159,0.0,2,2,0,0.0,0.0,0,9223372036854775807,0,0,0,0,40,0,0.9999176331657746,0.0,82,82,82.0,0.0,0.0,0,0,0,0,0,0,0,0,0.0,82.0,82.0,0,0,0,0,0,0,0,2,164,0,0,0,0,2,82,0,0,0,0,0,0,0,0
0,2,2,0,164,0,82,82,82.0,0.0,0,9223372036854775807,0.0,0.0,81.99851420233742,0.9999818805163099,2.0000362396240234,0.0,2,2,2,2.0000362396240234,0.0,2,2,0,0.0,0.0,0,9223372036854775807,0,0,0,0,40,0,0.9999818805163099,0.0,82,82,82.0,0.0,0.0,0,0,0,0,0,0,0,0,0.0,82.0,82.0,0,0,0,0,0,0,0,2,164,0,0,0,0,2,82,0,0,0,0,0,0,0,0
0,4,3,0,246,0,82,82,82.0,0.0,0,9223372036854775807,0.0,0.0,61.49341713326148,0.7499197211373352,2.000214099884033,4.935264587402344e-05,2,2,4,2.000214099884033,4.935264587402344e-05,2,2,0,0.0,0.0,0,9223372036854775807,0,0,0,0,60,0,0.7499197211373352,0.0,82,82,82.0,0.0,0.0,0,0,0,0,0,0,0,0,0.0,82.0,82.0,0,0,0,0,0,0,0,3,246,0,0,0,0,3,82,0,0,0,0,0,0,0,0
0,4,3,0,246,0,82,82,82.0,0.0,0,9223372036854775807,0.0,0.0,61.49420876205897,0.7499293751470606,2.0001883506774902,0.00015211105346679688,2,2,4,2.0001883506774902,0.00015211105346679688,2,2,0,0.0,0.0,0,9223372036854775807,0,0,0,0,60,0,0.7499293751470606,0.0,82,82,82.0,0.0,0.0,0,0,0,0,0,0,0,0,0.0,82.0,82.0,0,0,0,0,0,0,0,3,246,0,0,0,0,3,82,0,0,0,0,0,0,0,0
